"module name","license","repository"
"@babel/code-frame@7.0.0-beta.44","MIT","https://github.com/babel/babel/tree/master/packages/babel-code-frame"
"@babel/generator@7.0.0-beta.44","MIT","https://github.com/babel/babel/tree/master/packages/babel-generator"
"@babel/helper-function-name@7.0.0-beta.44","MIT","https://github.com/babel/babel/tree/master/packages/babel-helper-function-name"
"@babel/helper-get-function-arity@7.0.0-beta.44","MIT","https://github.com/babel/babel/tree/master/packages/babel-helper-get-function-arity"
"@babel/helper-split-export-declaration@7.0.0-beta.44","MIT","https://github.com/babel/babel/tree/master/packages/babel-helper-split-export-declaration"
"@babel/highlight@7.0.0-beta.44","MIT","https://github.com/babel/babel/tree/master/packages/babel-highlight"
"@babel/template@7.0.0-beta.44","MIT","https://github.com/babel/babel/tree/master/packages/babel-template"
"@babel/traverse@7.0.0-beta.44","MIT","https://github.com/babel/babel/tree/master/packages/babel-traverse"
"@babel/types@7.0.0-beta.44","MIT","https://github.com/babel/babel/tree/master/packages/babel-types"
"@types/node@14.14.25","MIT","https://github.com/DefinitelyTyped/DefinitelyTyped"
"@types/yauzl@2.9.1","MIT","https://github.com/DefinitelyTyped/DefinitelyTyped"
"@uirouter/angularjs@1.0.29","MIT","https://github.com/angular-ui/ui-router"
"@uirouter/core@6.0.7","MIT","https://github.com/ui-router/core"
"abbrev@1.1.1","ISC","https://github.com/isaacs/abbrev-js"
"accepts@1.3.7","MIT","https://github.com/jshttp/accepts"
"acorn-dynamic-import@2.0.2","MIT","https://github.com/kesne/acorn-dynamic-import"
"acorn-jsx@3.0.1","MIT","https://github.com/RReverser/acorn-jsx"
"acorn@3.3.0","MIT","https://github.com/ternjs/acorn"
"acorn@4.0.13","MIT","https://github.com/ternjs/acorn"
"acorn@5.7.4","MIT","https://github.com/acornjs/acorn"
"agent-base@5.1.1","MIT","https://github.com/TooTallNate/node-agent-base"
"ajv-keywords@2.1.1","MIT","https://github.com/epoberezkin/ajv-keywords"
"ajv-keywords@3.5.2","MIT","https://github.com/epoberezkin/ajv-keywords"
"ajv@4.11.8","MIT","https://github.com/epoberezkin/ajv"
"ajv@5.5.2","MIT","https://github.com/epoberezkin/ajv"
"ajv@6.12.6","MIT","https://github.com/ajv-validator/ajv"
"align-text@0.1.4","MIT","https://github.com/jonschlinkert/align-text"
"alphanum-sort@1.0.2","MIT","https://github.com/TrySound/alphanum-sort"
"amdefine@1.0.1","BSD-3-Clause OR MIT","https://github.com/jrburke/amdefine"
"angular-base64-upload@0.1.23","MIT","https://github.com/adonespitogo/angular-base64-upload"
"angular-bootstrap-multiselect@1.1.11","MIT","https://github.com/bentorfs/angular-bootstrap-multiselect"
"angular-clipboard@1.7.0","MIT","https://github.com/omichelsen/angular-clipboard"
"angular-images-resizer@2.0.3","MIT","https://github.com/FBerthelot/angular-images-resizer"
"angular-input-masks@4.4.1","MIT","https://github.com/assisrafael/angular-input-masks"
"angular-local-storage@0.7.1","MIT","https://github.com/grevory/angular-local-storage"
"angular-messages@1.8.2","MIT","https://github.com/angular/angular.js"
"angular-moment@1.3.0","MIT","https://github.com/urish/angular-moment"
"angular-resource@1.8.2","MIT","https://github.com/angular/angular.js"
"angular-sanitize@1.8.2","MIT","https://github.com/angular/angular.js"
"angular-ui-bootstrap@2.5.6","MIT","https://github.com/angular-ui/bootstrap"
"angular-ui-notification@0.3.6","MIT","https://github.com/alexcrack/angular-ui-notification"
"angular-utils-pagination@0.11.1","MIT","https://github.com/michaelbromley/angularUtils"
"angular@1.8.2","MIT","https://github.com/angular/angular.js"
"ansi-escapes@3.2.0","MIT","https://github.com/sindresorhus/ansi-escapes"
"ansi-html@0.0.7","Apache-2.0","https://github.com/Tjatse/ansi-html"
"ansi-regex@2.1.1","MIT","https://github.com/chalk/ansi-regex"
"ansi-regex@3.0.0","MIT","https://github.com/chalk/ansi-regex"
"ansi-regex@4.1.0","MIT","https://github.com/chalk/ansi-regex"
"ansi-styles@2.2.1","MIT","https://github.com/chalk/ansi-styles"
"ansi-styles@3.2.1","MIT","https://github.com/chalk/ansi-styles"
"ansi-styles@4.3.0","MIT","https://github.com/chalk/ansi-styles"
"anymatch@2.0.0","ISC","https://github.com/micromatch/anymatch"
"anymatch@3.1.1","ISC","https://github.com/micromatch/anymatch"
"aproba@1.2.0","ISC","https://github.com/iarna/aproba"
"are-we-there-yet@1.1.5","ISC","https://github.com/iarna/are-we-there-yet"
"argparse@1.0.10","MIT","https://github.com/nodeca/argparse"
"arr-diff@4.0.0","MIT","https://github.com/jonschlinkert/arr-diff"
"arr-flatten@1.1.0","MIT","https://github.com/jonschlinkert/arr-flatten"
"arr-union@3.1.0","MIT","https://github.com/jonschlinkert/arr-union"
"array-find-index@1.0.2","MIT","https://github.com/sindresorhus/array-find-index"
"array-flatten@1.1.1","MIT","https://github.com/blakeembrey/array-flatten"
"array-flatten@2.1.2","MIT","https://github.com/blakeembrey/array-flatten"
"array-includes@3.1.2","MIT","https://github.com/es-shims/array-includes"
"array-union@1.0.2","MIT","https://github.com/sindresorhus/array-union"
"array-uniq@1.0.3","MIT","https://github.com/sindresorhus/array-uniq"
"array-unique@0.3.2","MIT","https://github.com/jonschlinkert/array-unique"
"asn1.js@5.4.1","MIT","https://github.com/indutny/asn1.js"
"asn1@0.2.4","MIT","https://github.com/joyent/node-asn1"
"assert-plus@1.0.0","MIT","https://github.com/mcavage/node-assert-plus"
"assert@1.5.0","MIT","https://github.com/browserify/commonjs-assert"
"assets-webpack-plugin@3.9.12","MIT","https://github.com/ztoben/assets-webpack-plugin"
"assign-symbols@1.0.0","MIT","https://github.com/jonschlinkert/assign-symbols"
"ast-types@0.9.6","MIT","https://github.com/benjamn/ast-types"
"async-each@1.0.3","MIT","https://github.com/paulmillr/async-each"
"async-foreach@0.1.3","MIT*","https://github.com/cowboy/javascript-sync-async-foreach"
"async@2.6.3","MIT","https://github.com/caolan/async"
"asynckit@0.4.0","MIT","https://github.com/alexindigo/asynckit"
"atob@2.1.2","(MIT OR Apache-2.0)","git://git.coolaj86.com/coolaj86/atob.js"
"autoprefixer@6.7.7","MIT","https://github.com/postcss/autoprefixer"
"aws-sign2@0.7.0","Apache-2.0","https://github.com/mikeal/aws-sign"
"aws4@1.11.0","MIT","https://github.com/mhart/aws4"
"babel-code-frame@6.26.0","MIT","https://github.com/babel/babel/tree/master/packages/babel-code-frame"
"babel-core@6.26.3","MIT","https://github.com/babel/babel/tree/master/packages/babel-core"
"babel-eslint@8.2.6","MIT","https://github.com/babel/babel-eslint"
"babel-generator@6.26.1","MIT","https://github.com/babel/babel/tree/master/packages/babel-generator"
"babel-helper-bindify-decorators@6.24.1","MIT","https://github.com/babel/babel/tree/master/packages/babel-helper-bindify-decorators"
"babel-helper-builder-binary-assignment-operator-visitor@6.24.1","MIT","https://github.com/babel/babel/tree/master/packages/babel-helper-builder-binary-assignment-operator-visitor"
"babel-helper-call-delegate@6.24.1","MIT","https://github.com/babel/babel/tree/master/packages/babel-helper-call-delegate"
"babel-helper-define-map@6.26.0","MIT","https://github.com/babel/babel/tree/master/packages/babel-helper-define-map"
"babel-helper-explode-assignable-expression@6.24.1","MIT","https://github.com/babel/babel/tree/master/packages/babel-helper-explode-assignable-expression"
"babel-helper-explode-class@6.24.1","MIT","https://github.com/babel/babel/tree/master/packages/babel-helper-explode-class"
"babel-helper-function-name@6.24.1","MIT","https://github.com/babel/babel/tree/master/packages/babel-helper-function-name"
"babel-helper-get-function-arity@6.24.1","MIT","https://github.com/babel/babel/tree/master/packages/babel-helper-get-function-arity"
"babel-helper-hoist-variables@6.24.1","MIT","https://github.com/babel/babel/tree/master/packages/babel-helper-hoist-variables"
"babel-helper-optimise-call-expression@6.24.1","MIT","https://github.com/babel/babel/tree/master/packages/babel-helper-optimise-call-expression"
"babel-helper-regex@6.26.0","MIT","https://github.com/babel/babel/tree/master/packages/babel-helper-regex"
"babel-helper-remap-async-to-generator@6.24.1","MIT","https://github.com/babel/babel/tree/master/packages/babel-helper-remap-async-to-generator"
"babel-helper-replace-supers@6.24.1","MIT","https://github.com/babel/babel/tree/master/packages/babel-helper-replace-supers"
"babel-helpers@6.24.1","MIT","https://github.com/babel/babel/tree/master/packages/babel-helpers"
"babel-loader@6.4.1","MIT","https://github.com/babel/babel-loader"
"babel-messages@6.23.0","MIT","https://github.com/babel/babel/tree/master/packages/babel-messages"
"babel-plugin-angularjs-annotate@0.5.3","MIT","https://github.com/schmod/babel-plugin-angularjs-annotate"
"babel-plugin-check-es2015-constants@6.22.0","MIT","https://github.com/babel/babel/tree/master/packages/babel-plugin-check-es2015-constants"
"babel-plugin-syntax-async-functions@6.13.0","MIT","https://github.com/babel/babel/tree/master/packages/babel-plugin-syntax-async-functions"
"babel-plugin-syntax-async-generators@6.13.0","MIT","https://github.com/babel/babel/tree/master/packages/babel-plugin-syntax-async-generators"
"babel-plugin-syntax-class-constructor-call@6.18.0","MIT","https://github.com/babel/babel/tree/master/packages/babel-plugin-syntax-class-constructor-call"
"babel-plugin-syntax-class-properties@6.13.0","MIT","https://github.com/babel/babel/tree/master/packages/babel-plugin-syntax-class-properties"
"babel-plugin-syntax-decorators@6.13.0","MIT","https://github.com/babel/babel/tree/master/packages/babel-plugin-syntax-decorators"
"babel-plugin-syntax-dynamic-import@6.18.0","MIT","https://github.com/babel/babel/tree/master/packages/babel-plugin-syntax-dynamic-import"
"babel-plugin-syntax-exponentiation-operator@6.13.0","MIT","https://github.com/babel/babel/tree/master/packages/babel-plugin-syntax-exponentation-operator"
"babel-plugin-syntax-export-extensions@6.13.0","MIT","https://github.com/babel/babel/tree/master/packages/babel-plugin-syntax-export-extensions"
"babel-plugin-syntax-object-rest-spread@6.13.0","MIT","https://github.com/babel/babel/tree/master/packages/babel-plugin-syntax-object-rest-spread"
"babel-plugin-syntax-trailing-function-commas@6.22.0","MIT","https://github.com/babel/babel/tree/master/packages/babel-plugin-syntax-trailing-function-commas"
"babel-plugin-transform-async-generator-functions@6.24.1","MIT","https://github.com/babel/babel/tree/master/packages/babel-plugin-transform-async-generator-functions"
"babel-plugin-transform-async-to-generator@6.24.1","MIT","https://github.com/babel/babel/tree/master/packages/babel-plugin-transform-async-to-generator"
"babel-plugin-transform-class-constructor-call@6.24.1","MIT","https://github.com/babel/babel/tree/master/packages/babel-plugin-transform-class-constructor-call"
"babel-plugin-transform-class-properties@6.24.1","MIT","https://github.com/babel/babel/tree/master/packages/babel-plugin-transform-class-properties"
"babel-plugin-transform-decorators@6.24.1","MIT","https://github.com/babel/babel/tree/master/packages/babel-plugin-transform-decorators"
"babel-plugin-transform-es2015-arrow-functions@6.22.0","MIT","https://github.com/babel/babel/tree/master/packages/babel-plugin-transform-es2015-arrow-functions"
"babel-plugin-transform-es2015-block-scoped-functions@6.22.0","MIT","https://github.com/babel/babel/tree/master/packages/babel-plugin-transform-es2015-block-scoped-functions"
"babel-plugin-transform-es2015-block-scoping@6.26.0","MIT","https://github.com/babel/babel/tree/master/packages/babel-plugin-transform-es2015-block-scoping"
"babel-plugin-transform-es2015-classes@6.24.1","MIT","https://github.com/babel/babel/tree/master/packages/babel-plugin-transform-es2015-classes"
"babel-plugin-transform-es2015-computed-properties@6.24.1","MIT","https://github.com/babel/babel/tree/master/packages/babel-plugin-transform-es2015-computed-properties"
"babel-plugin-transform-es2015-destructuring@6.23.0","MIT","https://github.com/babel/babel/tree/master/packages/babel-plugin-transform-es2015-destructuring"
"babel-plugin-transform-es2015-duplicate-keys@6.24.1","MIT","https://github.com/babel/babel/tree/master/packages/babel-plugin-transform-es2015-duplicate-keys"
"babel-plugin-transform-es2015-for-of@6.23.0","MIT","https://github.com/babel/babel/tree/master/packages/babel-plugin-transform-es2015-for-of"
"babel-plugin-transform-es2015-function-name@6.24.1","MIT","https://github.com/babel/babel/tree/master/packages/babel-plugin-transform-es2015-function-name"
"babel-plugin-transform-es2015-literals@6.22.0","MIT","https://github.com/babel/babel/tree/master/packages/babel-plugin-transform-es2015-literals"
"babel-plugin-transform-es2015-modules-amd@6.24.1","MIT","https://github.com/babel/babel/tree/master/packages/babel-plugin-transform-es2015-modules-amd"
"babel-plugin-transform-es2015-modules-commonjs@6.26.2","MIT","https://github.com/babel/babel/tree/master/packages/babel-plugin-transform-es2015-modules-commonjs"
"babel-plugin-transform-es2015-modules-systemjs@6.24.1","MIT","https://github.com/babel/babel/tree/master/packages/babel-plugin-transform-es2015-modules-systemjs"
"babel-plugin-transform-es2015-modules-umd@6.24.1","MIT","https://github.com/babel/babel/tree/master/packages/babel-plugin-transform-es2015-modules-umd"
"babel-plugin-transform-es2015-object-super@6.24.1","MIT","https://github.com/babel/babel/tree/master/packages/babel-plugin-transform-es2015-object-super"
"babel-plugin-transform-es2015-parameters@6.24.1","MIT","https://github.com/babel/babel/tree/master/packages/babel-plugin-transform-es2015-parameters"
"babel-plugin-transform-es2015-shorthand-properties@6.24.1","MIT","https://github.com/babel/babel/tree/master/packages/babel-plugin-transform-es2015-shorthand-properties"
"babel-plugin-transform-es2015-spread@6.22.0","MIT","https://github.com/babel/babel/tree/master/packages/babel-plugin-transform-es2015-spread"
"babel-plugin-transform-es2015-sticky-regex@6.24.1","MIT","https://github.com/babel/babel/tree/master/packages/babel-plugin-transform-es2015-sticky-regex"
"babel-plugin-transform-es2015-template-literals@6.22.0","MIT","https://github.com/babel/babel/tree/master/packages/babel-plugin-transform-es2015-template-literals"
"babel-plugin-transform-es2015-typeof-symbol@6.23.0","MIT","https://github.com/babel/babel/tree/master/packages/babel-plugin-transform-es2015-typeof-symbol"
"babel-plugin-transform-es2015-unicode-regex@6.24.1","MIT","https://github.com/babel/babel/tree/master/packages/babel-plugin-transform-es2015-unicode-regex"
"babel-plugin-transform-exponentiation-operator@6.24.1","MIT","https://github.com/babel/babel/tree/master/packages/babel-plugin-transform-exponentiation-operator"
"babel-plugin-transform-export-extensions@6.22.0","MIT","https://github.com/babel/babel/tree/master/packages/babel-plugin-transform-export-extensions"
"babel-plugin-transform-object-rest-spread@6.26.0","MIT","https://github.com/babel/babel/tree/master/packages/babel-plugin-transform-object-rest-spread"
"babel-plugin-transform-regenerator@6.26.0","MIT","https://github.com/babel/babel/tree/master/packages/babel-plugin-transform-regenerator"
"babel-plugin-transform-strict-mode@6.24.1","MIT","https://github.com/babel/babel/tree/master/packages/babel-plugin-transform-strict-mode"
"babel-preset-es2015@6.24.1","MIT","https://github.com/babel/babel/tree/master/packages/babel-preset-es2015"
"babel-preset-es2017@6.24.1","MIT","https://github.com/babel/babel/tree/master/packages/babel-preset-es2017"
"babel-preset-stage-1@6.24.1","MIT","https://github.com/babel/babel/tree/master/packages/babel-preset-stage-1"
"babel-preset-stage-2@6.24.1","MIT","https://github.com/babel/babel/tree/master/packages/babel-preset-stage-2"
"babel-preset-stage-3@6.24.1","MIT","https://github.com/babel/babel/tree/master/packages/babel-preset-stage-3"
"babel-register@6.26.0","MIT","https://github.com/babel/babel/tree/master/packages/babel-register"
"babel-runtime@6.26.0","MIT","https://github.com/babel/babel/tree/master/packages/babel-runtime"
"babel-template@6.26.0","MIT","https://github.com/babel/babel/tree/master/packages/babel-template"
"babel-traverse@6.26.0","MIT","https://github.com/babel/babel/tree/master/packages/babel-traverse"
"babel-types@6.26.0","MIT","https://github.com/babel/babel/tree/master/packages/babel-types"
"babylon@6.18.0","MIT","https://github.com/babel/babylon"
"babylon@7.0.0-beta.44","MIT","https://github.com/babel/babel/tree/master/packages/babylon"
"baggage-loader@0.2.4","MIT","https://github.com/deepsweet/baggage-loader"
"balanced-match@0.4.2","MIT","https://github.com/juliangruber/balanced-match"
"balanced-match@1.0.0","MIT","https://github.com/juliangruber/balanced-match"
"base64-js@1.5.1","MIT","https://github.com/beatgammit/base64-js"
"base@0.11.2","MIT","https://github.com/node-base/base"
"batch@0.6.1","MIT","https://github.com/visionmedia/batch"
"bcrypt-pbkdf@1.0.2","BSD-3-Clause","https://github.com/joyent/node-bcrypt-pbkdf"
"big.js@3.2.0","MIT","https://github.com/MikeMcl/big.js"
"big.js@5.2.2","MIT","https://github.com/MikeMcl/big.js"
"binary-extensions@1.13.1","MIT","https://github.com/sindresorhus/binary-extensions"
"binary-extensions@2.2.0","MIT","https://github.com/sindresorhus/binary-extensions"
"bl@4.0.4","MIT","https://github.com/rvagg/bl"
"block-stream@0.0.9","ISC","https://github.com/isaacs/block-stream"
"bluebird@3.7.2","MIT","https://github.com/petkaantonov/bluebird"
"bn.js@4.11.9","MIT","https://github.com/indutny/bn.js"
"bn.js@5.1.3","MIT","https://github.com/indutny/bn.js"
"body-parser@1.19.0","MIT","https://github.com/expressjs/body-parser"
"bonjour@3.5.0","MIT","https://github.com/watson/bonjour"
"boolbase@1.0.0","ISC","https://github.com/fb55/boolbase"
"bootstrap-sass@3.4.1","MIT","https://github.com/twbs/bootstrap-sass"
"br-validations@0.3.1","MIT","https://github.com/the-darc/br-validations"
"brace-expansion@1.1.11","MIT","https://github.com/juliangruber/brace-expansion"
"braces@2.3.2","MIT","https://github.com/micromatch/braces"
"braces@3.0.2","MIT","https://github.com/micromatch/braces"
"brorand@1.1.0","MIT","https://github.com/indutny/brorand"
"browserify-aes@1.2.0","MIT","https://github.com/crypto-browserify/browserify-aes"
"browserify-cipher@1.0.1","MIT","https://github.com/crypto-browserify/browserify-cipher"
"browserify-des@1.0.2","MIT","https://github.com/crypto-browserify/browserify-des"
"browserify-rsa@4.1.0","MIT","https://github.com/crypto-browserify/browserify-rsa"
"browserify-sign@4.2.1","ISC","https://github.com/crypto-browserify/browserify-sign"
"browserify-zlib@0.2.0","MIT","https://github.com/devongovett/browserify-zlib"
"browserslist@1.7.7","MIT","https://github.com/ai/browserslist"
"buffer-crc32@0.2.13","MIT","https://github.com/brianloveswords/buffer-crc32"
"buffer-from@1.1.1","MIT","https://github.com/LinusU/buffer-from"
"buffer-indexof@1.1.1","MIT","https://github.com/soldair/node-buffer-indexof"
"buffer-xor@1.0.3","MIT","https://github.com/crypto-browserify/buffer-xor"
"buffer@4.9.2","MIT","https://github.com/feross/buffer"
"buffer@5.7.1","MIT","https://github.com/feross/buffer"
"builtin-status-codes@3.0.0","MIT","https://github.com/bendrucker/builtin-status-codes"
"bytes@3.0.0","MIT","https://github.com/visionmedia/bytes.js"
"bytes@3.1.0","MIT","https://github.com/visionmedia/bytes.js"
"cache-base@1.0.1","MIT","https://github.com/jonschlinkert/cache-base"
"call-bind@1.0.2","MIT","https://github.com/ljharb/call-bind"
"caller-path@0.1.0","MIT","https://github.com/sindresorhus/caller-path"
"callsites@0.2.0","MIT","https://github.com/sindresorhus/callsites"
"camel-case@3.0.0","MIT","https://github.com/blakeembrey/camel-case"
"camelcase-keys@2.1.0","MIT","https://github.com/sindresorhus/camelcase-keys"
"camelcase@1.2.1","MIT","https://github.com/sindresorhus/camelcase"
"camelcase@2.1.1","MIT","https://github.com/sindresorhus/camelcase"
"camelcase@3.0.0","MIT","https://github.com/sindresorhus/camelcase"
"camelcase@4.1.0","MIT","https://github.com/sindresorhus/camelcase"
"camelcase@5.3.1","MIT","https://github.com/sindresorhus/camelcase"
"caniuse-api@1.6.1","MIT","https://github.com/nyalab/caniuse-api"
"caniuse-db@1.0.30001185","CC-BY-4.0","https://github.com/Fyrd/caniuse"
"caseless@0.12.0","Apache-2.0","https://github.com/mikeal/caseless"
"center-align@0.1.3","MIT","https://github.com/jonschlinkert/center-align"
"chalk@1.1.3","MIT","https://github.com/chalk/chalk"
"chalk@2.4.2","MIT","https://github.com/chalk/chalk"
"chalk@4.1.0","MIT","https://github.com/chalk/chalk"
"chardet@0.4.2","MIT","https://github.com/runk/node-chardet"
"chokidar@2.1.8","MIT","https://github.com/paulmillr/chokidar"
"chokidar@3.5.1","MIT","https://github.com/paulmillr/chokidar"
"chownr@1.1.4","ISC","https://github.com/isaacs/chownr"
"cipher-base@1.0.4","MIT","https://github.com/crypto-browserify/cipher-base"
"circular-json@0.3.3","MIT","https://github.com/WebReflection/circular-json"
"clap@1.2.3","MIT","https://github.com/lahmatiy/clap"
"class-utils@0.3.6","MIT","https://github.com/jonschlinkert/class-utils"
"clean-css@4.2.3","MIT","https://github.com/jakubpawlowicz/clean-css"
"clean-webpack-plugin@0.1.19","MIT","https://github.com/johnagan/clean-webpack-plugin"
"cli-cursor@2.1.0","MIT","https://github.com/sindresorhus/cli-cursor"
"cli-width@2.2.1","ISC","https://github.com/knownasilya/cli-width"
"cli@1.0.1","MIT","https://github.com/node-js-libs/cli"
"cliui@2.1.0","ISC","https://github.com/bcoe/cliui"
"cliui@3.2.0","ISC","https://github.com/yargs/cliui"
"cliui@5.0.0","ISC","https://github.com/yargs/cliui"
"clone@1.0.4","MIT","https://github.com/pvorb/node-clone"
"co@4.6.0","MIT","https://github.com/tj/co"
"coa@1.0.4","MIT","https://github.com/veged/coa"
"code-point-at@1.1.0","MIT","https://github.com/sindresorhus/code-point-at"
"collection-visit@1.0.0","MIT","https://github.com/jonschlinkert/collection-visit"
"color-convert@1.9.3","MIT","https://github.com/Qix-/color-convert"
"color-convert@2.0.1","MIT","https://github.com/Qix-/color-convert"
"color-name@1.1.3","MIT","https://github.com/dfcreative/color-name"
"color-name@1.1.4","MIT","https://github.com/colorjs/color-name"
"color-string@0.3.0","MIT","https://github.com/harthur/color-string"
"color@0.11.4","MIT","https://github.com/Qix-/color"
"colormin@1.1.2","MIT","https://github.com/ben-eb/colormin"
"colors@1.1.2","MIT","https://github.com/Marak/colors.js"
"combined-stream@1.0.8","MIT","https://github.com/felixge/node-combined-stream"
"commander@2.17.1","MIT","https://github.com/tj/commander.js"
"commander@2.19.0","MIT","https://github.com/tj/commander.js"
"commondir@1.0.1","MIT","https://github.com/substack/node-commondir"
"component-emitter@1.3.0","MIT","https://github.com/component/emitter"
"compressible@2.0.18","MIT","https://github.com/jshttp/compressible"
"compression@1.7.4","MIT","https://github.com/expressjs/compression"
"concat-map@0.0.1","MIT","https://github.com/substack/node-concat-map"
"concat-stream@1.6.2","MIT","https://github.com/maxogden/concat-stream"
"connect-history-api-fallback@1.6.0","MIT","https://github.com/bripkens/connect-history-api-fallback"
"console-browserify@1.1.0","MIT","https://github.com/Raynos/console-browserify"
"console-control-strings@1.1.0","ISC","https://github.com/iarna/console-control-strings"
"constants-browserify@1.0.0","MIT","https://github.com/juliangruber/constants-browserify"
"content-disposition@0.5.3","MIT","https://github.com/jshttp/content-disposition"
"content-type@1.0.4","MIT","https://github.com/jshttp/content-type"
"convert-source-map@1.7.0","MIT","https://github.com/thlorenz/convert-source-map"
"cookie-signature@1.0.6","MIT","https://github.com/visionmedia/node-cookie-signature"
"cookie@0.4.0","MIT","https://github.com/jshttp/cookie"
"copy-descriptor@0.1.1","MIT","https://github.com/jonschlinkert/copy-descriptor"
"core-js@2.6.12","MIT","https://github.com/zloirock/core-js"
"core-util-is@1.0.2","MIT","https://github.com/isaacs/core-util-is"
"cortex@3.1.0","AGPL-3.0-or-later","https://github.com/TheHive-Project/Cortex"
"create-ecdh@4.0.4","MIT","https://github.com/crypto-browserify/createECDH"
"create-hash@1.2.0","MIT","https://github.com/crypto-browserify/createHash"
"create-hmac@1.1.7","MIT","https://github.com/crypto-browserify/createHmac"
"cross-env@3.2.4","MIT","https://github.com/kentcdodds/cross-env"
"cross-spawn@3.0.1","MIT","https://github.com/IndigoUnited/node-cross-spawn"
"cross-spawn@5.1.0","MIT","https://github.com/IndigoUnited/node-cross-spawn"
"crypto-browserify@3.12.0","MIT","https://github.com/crypto-browserify/crypto-browserify"
"css-color-names@0.0.4","MIT","https://github.com/bahamas10/css-color-names"
"css-loader@0.25.0","MIT","https://github.com/webpack/css-loader"
"css-select@2.1.0","BSD-2-Clause","https://github.com/fb55/css-select"
"css-selector-tokenizer@0.6.0","MIT","https://github.com/css-modules/css-selector-tokenizer"
"css-selector-tokenizer@0.7.3","MIT","https://github.com/css-modules/css-selector-tokenizer"
"css-spaces@0.3.5","MIT","https://github.com/badabam/css-spaces"
"css-what@3.4.2","BSD-2-Clause","https://github.com/fb55/css-what"
"cssesc@0.1.0","MIT","https://github.com/mathiasbynens/cssesc"
"cssesc@3.0.0","MIT","https://github.com/mathiasbynens/cssesc"
"cssnano@3.10.0","MIT","https://github.com/ben-eb/cssnano"
"csso@2.3.2","MIT","https://github.com/css/csso"
"currently-unhandled@0.4.1","MIT","https://github.com/jamestalmage/currently-unhandled"
"d@1.0.1","ISC","https://github.com/medikoo/d"
"dashdash@1.14.1","MIT","https://github.com/trentm/node-dashdash"
"date-fns@2.0.0-alpha.7","MIT","https://github.com/date-fns/date-fns"
"date-now@0.1.4","MIT","https://github.com/Colingo/date-now"
"debug@2.6.9","MIT","https://github.com/visionmedia/debug"
"debug@3.2.7","MIT","https://github.com/visionmedia/debug"
"debug@4.3.1","MIT","https://github.com/visionmedia/debug"
"decamelize@1.2.0","MIT","https://github.com/sindresorhus/decamelize"
"decode-uri-component@0.2.0","MIT","https://github.com/SamVerschueren/decode-uri-component"
"deep-equal@1.1.1","MIT","https://github.com/substack/node-deep-equal"
"deep-is@0.1.3","MIT","https://github.com/thlorenz/deep-is"
"define-properties@1.1.3","MIT","https://github.com/ljharb/define-properties"
"define-property@0.2.5","MIT","https://github.com/jonschlinkert/define-property"
"define-property@1.0.0","MIT","https://github.com/jonschlinkert/define-property"
"define-property@2.0.2","MIT","https://github.com/jonschlinkert/define-property"
"defined@1.0.0","MIT","https://github.com/substack/defined"
"del@3.0.0","MIT","https://github.com/sindresorhus/del"
"delayed-stream@1.0.0","MIT","https://github.com/felixge/node-delayed-stream"
"delegates@1.0.0","MIT","https://github.com/visionmedia/node-delegates"
"depd@1.1.2","MIT","https://github.com/dougwilson/nodejs-depd"
"des.js@1.0.1","MIT","https://github.com/indutny/des.js"
"destroy@1.0.4","MIT","https://github.com/stream-utils/destroy"
"detect-indent@4.0.0","MIT","https://github.com/sindresorhus/detect-indent"
"detect-node@2.0.4","ISC","https://github.com/iliakan/detect-node"
"diffie-hellman@5.0.3","MIT","https://github.com/crypto-browserify/diffie-hellman"
"dns-equal@1.0.0","MIT","https://github.com/watson/dns-equal"
"dns-packet@1.3.1","MIT","https://github.com/mafintosh/dns-packet"
"dns-txt@2.0.2","MIT","https://github.com/watson/dns-txt"
"doctrine@2.1.0","Apache-2.0","https://github.com/eslint/doctrine"
"dom-converter@0.2.0","MIT","https://github.com/AriaMinaei/dom-converter"
"dom-serializer@0.2.2","MIT","https://github.com/cheeriojs/dom-renderer"
"domain-browser@1.2.0","MIT","https://github.com/bevry/domain-browser"
"domelementtype@1.3.1","BSD-2-Clause","https://github.com/fb55/domelementtype"
"domelementtype@2.1.0","BSD-2-Clause","https://github.com/fb55/domelementtype"
"domhandler@2.3.0","BSD*","https://github.com/fb55/DomHandler"
"domutils@1.5.1","BSD*","https://github.com/FB55/domutils"
"domutils@1.7.0","BSD-2-Clause","https://github.com/FB55/domutils"
"dropzone@5.7.4","MIT","git+https://gitlab.com/meno/dropzone"
"duplexer@0.1.2","MIT","https://github.com/Raynos/duplexer"
"ecc-jsbn@0.1.2","MIT","https://github.com/quartzjer/ecc-jsbn"
"ee-first@1.1.1","MIT","https://github.com/jonathanong/ee-first"
"electron-to-chromium@1.3.657","ISC","https://github.com/kilian/electron-to-chromium"
"elliptic@6.5.4","MIT","https://github.com/indutny/elliptic"
"emoji-regex@7.0.3","MIT","https://github.com/mathiasbynens/emoji-regex"
"emojis-list@2.1.0","MIT","https://github.com/kikobeats/emojis-list"
"emojis-list@3.0.0","MIT","https://github.com/kikobeats/emojis-list"
"encodeurl@1.0.2","MIT","https://github.com/pillarjs/encodeurl"
"end-of-stream@1.4.4","MIT","https://github.com/mafintosh/end-of-stream"
"enhanced-resolve@3.4.1","MIT","https://github.com/webpack/enhanced-resolve"
"entities@1.0.0","BSD*","https://github.com/fb55/node-entities"
"entities@1.1.2","BSD-2-Clause","https://github.com/fb55/entities"
"entities@2.2.0","BSD-2-Clause","https://github.com/fb55/entities"
"errno@0.1.8","MIT","https://github.com/rvagg/node-errno"
"error-ex@1.3.2","MIT","https://github.com/qix-/node-error-ex"
"es-abstract@1.18.0-next.2","MIT","https://github.com/ljharb/es-abstract"
"es-to-primitive@1.2.1","MIT","https://github.com/ljharb/es-to-primitive"
"es5-ext@0.10.53","ISC","https://github.com/medikoo/es5-ext"
"es6-iterator@2.0.3","MIT","https://github.com/medikoo/es6-iterator"
"es6-map@0.1.5","MIT","https://github.com/medikoo/es6-map"
"es6-promise@4.2.8","MIT","https://github.com/stefanpenner/es6-promise"
"es6-set@0.1.5","MIT","https://github.com/medikoo/es6-set"
"es6-symbol@3.1.1","MIT","https://github.com/medikoo/es6-symbol"
"es6-symbol@3.1.3","ISC","https://github.com/medikoo/es6-symbol"
"es6-templates@0.2.3","Apache*","https://github.com/esnext/es6-templates"
"es6-weak-map@2.0.3","ISC","https://github.com/medikoo/es6-weak-map"
"escape-html@1.0.3","MIT","https://github.com/component/escape-html"
"escape-string-regexp@1.0.5","MIT","https://github.com/sindresorhus/escape-string-regexp"
"escape-string-regexp@2.0.0","MIT","https://github.com/sindresorhus/escape-string-regexp"
"escope@3.6.0","BSD-2-Clause","https://github.com/estools/escope"
"eslint-loader@1.9.0","MIT","https://github.com/MoOx/eslint-loader"
"eslint-scope@3.7.1","BSD-2-Clause","https://github.com/eslint/eslint-scope"
"eslint-visitor-keys@1.3.0","Apache-2.0","https://github.com/eslint/eslint-visitor-keys"
"eslint@4.19.1","MIT","https://github.com/eslint/eslint"
"espree@3.5.4","BSD-2-Clause","https://github.com/eslint/espree"
"esprima@2.7.3","BSD-2-Clause","https://github.com/jquery/esprima"
"esprima@3.1.3","BSD-2-Clause","https://github.com/jquery/esprima"
"esprima@4.0.1","BSD-2-Clause","https://github.com/jquery/esprima"
"esquery@1.4.0","BSD-3-Clause","https://github.com/estools/esquery"
"esrecurse@4.3.0","BSD-2-Clause","https://github.com/estools/esrecurse"
"estraverse@4.3.0","BSD-2-Clause","https://github.com/estools/estraverse"
"estraverse@5.2.0","BSD-2-Clause","https://github.com/estools/estraverse"
"esutils@2.0.3","BSD-2-Clause","https://github.com/estools/esutils"
"etag@1.8.1","MIT","https://github.com/jshttp/etag"
"event-emitter@0.3.5","MIT","https://github.com/medikoo/event-emitter"
"eventemitter2@6.4.3","MIT","https://github.com/hij1nx/EventEmitter2"
"eventemitter3@4.0.7","MIT","https://github.com/primus/eventemitter3"
"events@3.2.0","MIT","https://github.com/Gozala/events"
"eventsource@0.1.6","MIT","https://github.com/aslakhellesoy/eventsource-node"
"evp_bytestokey@1.0.3","MIT","https://github.com/crypto-browserify/EVP_BytesToKey"
"execa@0.7.0","MIT","https://github.com/sindresorhus/execa"
"exit@0.1.2","MIT","https://github.com/cowboy/node-exit"
"expand-brackets@2.1.4","MIT","https://github.com/jonschlinkert/expand-brackets"
"express@4.17.1","MIT","https://github.com/expressjs/express"
"ext@1.4.0","ISC","https://github.com/medikoo/es5-ext/tree/ext"
"extend-shallow@2.0.1","MIT","https://github.com/jonschlinkert/extend-shallow"
"extend-shallow@3.0.2","MIT","https://github.com/jonschlinkert/extend-shallow"
"extend@3.0.2","MIT","https://github.com/justmoon/node-extend"
"external-editor@2.2.0","MIT","https://github.com/mrkmg/node-external-editor"
"extglob@2.0.4","MIT","https://github.com/micromatch/extglob"
"extract-text-webpack-plugin@2.0.0-rc.3","MIT","https://github.com/webpack/extract-text-webpack-plugin"
"extract-zip@2.0.1","BSD-2-Clause","https://github.com/maxogden/extract-zip"
"extsprintf@1.3.0","MIT","https://github.com/davepacheco/node-extsprintf"
"fast-deep-equal@1.1.0","MIT","https://github.com/epoberezkin/fast-deep-equal"
"fast-deep-equal@3.1.3","MIT","https://github.com/epoberezkin/fast-deep-equal"
"fast-json-stable-stringify@2.1.0","MIT","https://github.com/epoberezkin/fast-json-stable-stringify"
"fast-levenshtein@2.0.6","MIT","https://github.com/hiddentao/fast-levenshtein"
"fastparse@1.1.2","MIT","https://github.com/webpack/fastparse"
"faye-websocket@0.10.0","MIT","https://github.com/faye/faye-websocket-node"
"faye-websocket@0.11.3","Apache-2.0","https://github.com/faye/faye-websocket-node"
"fd-slicer@1.1.0","MIT","https://github.com/andrewrk/node-fd-slicer"
"figures@1.7.0","MIT","https://github.com/sindresorhus/figures"
"figures@2.0.0","MIT","https://github.com/sindresorhus/figures"
"file-entry-cache@2.0.0","MIT","https://github.com/royriojas/file-entry-cache"
"file-loader@0.9.0","MIT","https://github.com/webpack/file-loader"
"fill-range@4.0.0","MIT","https://github.com/jonschlinkert/fill-range"
"fill-range@7.0.1","MIT","https://github.com/jonschlinkert/fill-range"
"finalhandler@1.1.2","MIT","https://github.com/pillarjs/finalhandler"
"find-cache-dir@0.1.1","MIT","https://github.com/jamestalmage/find-cache-dir"
"find-up@1.1.2","MIT","https://github.com/sindresorhus/find-up"
"find-up@2.1.0","MIT","https://github.com/sindresorhus/find-up"
"find-up@3.0.0","MIT","https://github.com/sindresorhus/find-up"
"flat-cache@1.3.4","MIT","https://github.com/royriojas/flat-cache"
"flatten@1.0.3","MIT","https://github.com/mk-pmb/flatten-js"
"follow-redirects@1.13.2","MIT","https://github.com/follow-redirects/follow-redirects"
"font-awesome@4.7.0","(OFL-1.1 AND MIT)","https://github.com/FortAwesome/Font-Awesome"
"for-in@1.0.2","MIT","https://github.com/jonschlinkert/for-in"
"foreachasync@3.0.0","Apache*","https://github.com/FuturesJS/forEachAsync"
"forever-agent@0.6.1","Apache-2.0","https://github.com/mikeal/forever-agent"
"form-data@2.3.3","MIT","https://github.com/form-data/form-data"
"forwarded@0.1.2","MIT","https://github.com/jshttp/forwarded"
"fragment-cache@0.2.1","MIT","https://github.com/jonschlinkert/fragment-cache"
"fresh@0.5.2","MIT","https://github.com/jshttp/fresh"
"fs-constants@1.0.0","MIT","https://github.com/mafintosh/fs-constants"
"fs.realpath@1.0.0","ISC","https://github.com/isaacs/fs.realpath"
"fstream@1.0.12","ISC","https://github.com/npm/fstream"
"function-bind@1.1.1","MIT","https://github.com/Raynos/function-bind"
"functional-red-black-tree@1.0.1","MIT","https://github.com/mikolalysenko/functional-red-black-tree"
"gauge@2.7.4","ISC","https://github.com/iarna/gauge"
"gaze@1.1.3","MIT","https://github.com/shama/gaze"
"get-caller-file@1.0.3","ISC","https://github.com/stefanpenner/get-caller-file"
"get-caller-file@2.0.5","ISC","https://github.com/stefanpenner/get-caller-file"
"get-intrinsic@1.1.1","MIT","https://github.com/ljharb/get-intrinsic"
"get-stdin@4.0.1","MIT","https://github.com/sindresorhus/get-stdin"
"get-stream@3.0.0","MIT","https://github.com/sindresorhus/get-stream"
"get-stream@5.2.0","MIT","https://github.com/sindresorhus/get-stream"
"get-value@2.0.6","MIT","https://github.com/jonschlinkert/get-value"
"getpass@0.1.7","MIT","https://github.com/arekinath/node-getpass"
"glob-parent@3.1.0","ISC","https://github.com/es128/glob-parent"
"glob-parent@5.1.1","ISC","https://github.com/gulpjs/glob-parent"
"glob@7.1.6","ISC","https://github.com/isaacs/node-glob"
"globals@11.12.0","MIT","https://github.com/sindresorhus/globals"
"globals@9.18.0","MIT","https://github.com/sindresorhus/globals"
"globby@6.1.0","MIT","https://github.com/sindresorhus/globby"
"globule@1.3.2","MIT","https://github.com/cowboy/node-globule"
"graceful-fs@4.2.5","ISC","https://github.com/isaacs/node-graceful-fs"
"grunt-contrib-jshint@3.0.0","MIT","https://github.com/gruntjs/grunt-contrib-jshint"
"grunt-contrib-qunit@4.0.0","MIT","https://github.com/gruntjs/grunt-contrib-qunit"
"grunt-contrib-uglify@5.0.0","MIT","https://github.com/gruntjs/grunt-contrib-uglify"
"gzip-size@3.0.0","MIT","https://github.com/sindresorhus/gzip-size"
"handle-thing@2.0.1","MIT","https://github.com/indutny/handle-thing"
"har-schema@2.0.0","ISC","https://github.com/ahmadnassri/har-schema"
"har-validator@5.1.5","MIT","https://github.com/ahmadnassri/node-har-validator"
"has-ansi@2.0.0","MIT","https://github.com/sindresorhus/has-ansi"
"has-flag@1.0.0","MIT","https://github.com/sindresorhus/has-flag"
"has-flag@2.0.0","MIT","https://github.com/sindresorhus/has-flag"
"has-flag@3.0.0","MIT","https://github.com/sindresorhus/has-flag"
"has-flag@4.0.0","MIT","https://github.com/sindresorhus/has-flag"
"has-symbols@1.0.1","MIT","https://github.com/ljharb/has-symbols"
"has-unicode@2.0.1","ISC","https://github.com/iarna/has-unicode"
"has-value@0.3.1","MIT","https://github.com/jonschlinkert/has-value"
"has-value@1.0.0","MIT","https://github.com/jonschlinkert/has-value"
"has-values@0.1.4","MIT","https://github.com/jonschlinkert/has-values"
"has-values@1.0.0","MIT","https://github.com/jonschlinkert/has-values"
"has@1.0.3","MIT","https://github.com/tarruda/has"
"hash-base@3.1.0","MIT","https://github.com/crypto-browserify/hash-base"
"hash.js@1.1.7","MIT","https://github.com/indutny/hash.js"
"he@1.2.0","MIT","https://github.com/mathiasbynens/he"
"hmac-drbg@1.0.1","MIT","https://github.com/indutny/hmac-drbg"
"home-or-tmp@2.0.0","MIT","https://github.com/sindresorhus/home-or-tmp"
"hooker@0.2.3","MIT","https://github.com/cowboy/javascript-hooker"
"hosted-git-info@2.8.8","ISC","https://github.com/npm/hosted-git-info"
"hpack.js@2.1.6","MIT","https://github.com/indutny/hpack.js"
"html-comment-regex@1.1.2","MIT","https://github.com/stevemao/html-comment-regex"
"html-entities@1.4.0","MIT","https://github.com/mdevils/node-html-entities"
"html-loader@0.4.5","MIT","https://github.com/webpack/html-loader"
"html-minifier@3.5.21","MIT","https://github.com/kangax/html-minifier"
"html-webpack-plugin@2.30.1","MIT","https://github.com/jantimon/html-webpack-plugin"
"htmlparser2@3.10.1","MIT","https://github.com/fb55/htmlparser2"
"htmlparser2@3.8.3","MIT","https://github.com/fb55/htmlparser2"
"http-deceiver@1.2.7","MIT","https://github.com/indutny/http-deceiver"
"http-errors@1.6.3","MIT","https://github.com/jshttp/http-errors"
"http-errors@1.7.2","MIT","https://github.com/jshttp/http-errors"
"http-parser-js@0.5.3","MIT","https://github.com/creationix/http-parser-js"
"http-proxy-middleware@0.19.2","MIT","https://github.com/chimurai/http-proxy-middleware"
"http-proxy@1.18.1","MIT","https://github.com/http-party/node-http-proxy"
"http-signature@1.2.0","MIT","https://github.com/joyent/node-http-signature"
"https-browserify@1.0.0","MIT","https://github.com/substack/https-browserify"
"https-proxy-agent@4.0.0","MIT","https://github.com/TooTallNate/node-https-proxy-agent"
"iconv-lite@0.4.24","MIT","https://github.com/ashtuchkin/iconv-lite"
"icss-replace-symbols@1.1.0","ISC","https://github.com/css-modules/icss-replace-symbols"
"ieee754@1.2.1","BSD-3-Clause","https://github.com/feross/ieee754"
"ignore@3.3.10","MIT","https://github.com/kaelzhang/node-ignore"
"import-local@1.0.0","MIT","https://github.com/sindresorhus/import-local"
"imurmurhash@0.1.4","MIT","https://github.com/jensyt/imurmurhash-js"
"in-publish@2.0.1","ISC","https://github.com/iarna/in-publish"
"indent-string@2.1.0","MIT","https://github.com/sindresorhus/indent-string"
"indexes-of@1.0.1","MIT","https://github.com/dominictarr/indexes-of"
"inflight@1.0.6","ISC","https://github.com/npm/inflight"
"inherits@2.0.1","ISC","https://github.com/isaacs/inherits"
"inherits@2.0.3","ISC","https://github.com/isaacs/inherits"
"inherits@2.0.4","ISC","https://github.com/isaacs/inherits"
"inquirer@3.3.0","MIT","https://github.com/SBoudrias/Inquirer.js"
"internal-ip@1.2.0","MIT","https://github.com/sindresorhus/internal-ip"
"interpret@1.4.0","MIT","https://github.com/gulpjs/interpret"
"invariant@2.2.4","MIT","https://github.com/zertosh/invariant"
"invert-kv@1.0.0","MIT","https://github.com/sindresorhus/invert-kv"
"ip@1.1.5","MIT","https://github.com/indutny/node-ip"
"ipaddr.js@1.9.1","MIT","https://github.com/whitequark/ipaddr.js"
"is-absolute-url@2.1.0","MIT","https://github.com/sindresorhus/is-absolute-url"
"is-accessor-descriptor@0.1.6","MIT","https://github.com/jonschlinkert/is-accessor-descriptor"
"is-accessor-descriptor@1.0.0","MIT","https://github.com/jonschlinkert/is-accessor-descriptor"
"is-arguments@1.1.0","MIT","https://github.com/inspect-js/is-arguments"
"is-arrayish@0.2.1","MIT","https://github.com/qix-/node-is-arrayish"
"is-binary-path@1.0.1","MIT","https://github.com/sindresorhus/is-binary-path"
"is-binary-path@2.1.0","MIT","https://github.com/sindresorhus/is-binary-path"
"is-buffer@1.1.6","MIT","https://github.com/feross/is-buffer"
"is-callable@1.2.3","MIT","https://github.com/ljharb/is-callable"
"is-core-module@2.2.0","MIT","https://github.com/inspect-js/is-core-module"
"is-data-descriptor@0.1.4","MIT","https://github.com/jonschlinkert/is-data-descriptor"
"is-data-descriptor@1.0.0","MIT","https://github.com/jonschlinkert/is-data-descriptor"
"is-date-object@1.0.2","MIT","https://github.com/ljharb/is-date-object"
"is-descriptor@0.1.6","MIT","https://github.com/jonschlinkert/is-descriptor"
"is-descriptor@1.0.2","MIT","https://github.com/jonschlinkert/is-descriptor"
"is-extendable@0.1.1","MIT","https://github.com/jonschlinkert/is-extendable"
"is-extendable@1.0.1","MIT","https://github.com/jonschlinkert/is-extendable"
"is-extglob@2.1.1","MIT","https://github.com/jonschlinkert/is-extglob"
"is-finite@1.1.0","MIT","https://github.com/sindresorhus/is-finite"
"is-fullwidth-code-point@1.0.0","MIT","https://github.com/sindresorhus/is-fullwidth-code-point"
"is-fullwidth-code-point@2.0.0","MIT","https://github.com/sindresorhus/is-fullwidth-code-point"
"is-glob@3.1.0","MIT","https://github.com/jonschlinkert/is-glob"
"is-glob@4.0.1","MIT","https://github.com/micromatch/is-glob"
"is-negative-zero@2.0.1","MIT","https://github.com/inspect-js/is-negative-zero"
"is-number@3.0.0","MIT","https://github.com/jonschlinkert/is-number"
"is-number@7.0.0","MIT","https://github.com/jonschlinkert/is-number"
"is-path-cwd@1.0.0","MIT","https://github.com/sindresorhus/is-path-cwd"
"is-path-in-cwd@1.0.1","MIT","https://github.com/sindresorhus/is-path-in-cwd"
"is-path-inside@1.0.1","MIT","https://github.com/sindresorhus/is-path-inside"
"is-plain-obj@1.1.0","MIT","https://github.com/sindresorhus/is-plain-obj"
"is-plain-object@2.0.4","MIT","https://github.com/jonschlinkert/is-plain-object"
"is-regex@1.1.2","MIT","https://github.com/inspect-js/is-regex"
"is-resolvable@1.1.0","ISC","https://github.com/shinnn/is-resolvable"
"is-stream@1.1.0","MIT","https://github.com/sindresorhus/is-stream"
"is-string@1.0.5","MIT","https://github.com/ljharb/is-string"
"is-svg@2.1.0","MIT","https://github.com/sindresorhus/is-svg"
"is-symbol@1.0.3","MIT","https://github.com/inspect-js/is-symbol"
"is-typedarray@1.0.0","MIT","https://github.com/hughsk/is-typedarray"
"is-utf8@0.2.1","MIT","https://github.com/wayfind/is-utf8"
"is-windows@1.0.2","MIT","https://github.com/jonschlinkert/is-windows"
"is-wsl@1.1.0","MIT","https://github.com/sindresorhus/is-wsl"
"isarray@0.0.1","MIT","https://github.com/juliangruber/isarray"
"isarray@1.0.0","MIT","https://github.com/juliangruber/isarray"
"isexe@2.0.0","ISC","https://github.com/isaacs/isexe"
"isobject@2.1.0","MIT","https://github.com/jonschlinkert/isobject"
"isobject@3.0.1","MIT","https://github.com/jonschlinkert/isobject"
"isstream@0.1.2","MIT","https://github.com/rvagg/isstream"
"jquery@3.5.1","MIT","https://github.com/jquery/jquery"
"js-base64@2.6.4","BSD-3-Clause","https://github.com/dankogai/js-base64"
"js-tokens@3.0.2","MIT","https://github.com/lydell/js-tokens"
"js-url@2.3.0","MIT","https://github.com/WillZWL/js-url"
"js-yaml@3.14.1","MIT","https://github.com/nodeca/js-yaml"
"js-yaml@3.7.0","MIT","https://github.com/nodeca/js-yaml"
"jsbn@0.1.1","MIT","https://github.com/andyperlitch/jsbn"
"jsesc@0.5.0","MIT","https://github.com/mathiasbynens/jsesc"
"jsesc@1.3.0","MIT","https://github.com/mathiasbynens/jsesc"
"jsesc@2.5.2","MIT","https://github.com/mathiasbynens/jsesc"
"jshint@2.12.0","MIT","https://github.com/jshint/jshint"
"json-loader@0.5.7","MIT","https://github.com/webpack/json-loader"
"json-schema-traverse@0.3.1","MIT","https://github.com/epoberezkin/json-schema-traverse"
"json-schema-traverse@0.4.1","MIT","https://github.com/epoberezkin/json-schema-traverse"
"json-schema@0.2.3","AFLv2.1,BSD","https://github.com/kriszyp/json-schema"
"json-stable-stringify-without-jsonify@1.0.1","MIT","https://github.com/samn/json-stable-stringify"
"json-stable-stringify@1.0.1","MIT","https://github.com/substack/json-stable-stringify"
"json-stringify-safe@5.0.1","ISC","https://github.com/isaacs/json-stringify-safe"
"json3@3.3.3","MIT","https://github.com/bestiejs/json3"
"json5@0.5.1","MIT","https://github.com/aseemk/json5"
"json5@1.0.1","MIT","https://github.com/json5/json5"
"jsonify@0.0.0","Public Domain","https://github.com/substack/jsonify"
"jsprim@1.4.1","MIT","https://github.com/joyent/node-jsprim"
"killable@1.0.1","ISC","https://github.com/marten-de-vries/killable"
"kind-of@3.2.2","MIT","https://github.com/jonschlinkert/kind-of"
"kind-of@4.0.0","MIT","https://github.com/jonschlinkert/kind-of"
"kind-of@5.1.0","MIT","https://github.com/jonschlinkert/kind-of"
"kind-of@6.0.3","MIT","https://github.com/jonschlinkert/kind-of"
"lazy-cache@1.0.4","MIT","https://github.com/jonschlinkert/lazy-cache"
"lcid@1.0.0","MIT","https://github.com/sindresorhus/lcid"
"levn@0.3.0","MIT","https://github.com/gkz/levn"
"load-json-file@1.1.0","MIT","https://github.com/sindresorhus/load-json-file"
"load-json-file@2.0.0","MIT","https://github.com/sindresorhus/load-json-file"
"loader-fs-cache@1.0.3","MIT","https://github.com/viankakrisna/loader-fs-cache"
"loader-runner@2.4.0","MIT","https://github.com/webpack/loader-runner"
"loader-utils@0.2.17","MIT","https://github.com/webpack/loader-utils"
"loader-utils@1.4.0","MIT","https://github.com/webpack/loader-utils"
"locate-path@2.0.0","MIT","https://github.com/sindresorhus/locate-path"
"locate-path@3.0.0","MIT","https://github.com/sindresorhus/locate-path"
"lodash._createcompounder@3.0.0","MIT","https://github.com/lodash/lodash"
"lodash._root@3.0.1","MIT","https://github.com/lodash/lodash"
"lodash.camelcase@3.0.1","MIT","https://github.com/lodash/lodash"
"lodash.deburr@3.2.0","MIT","https://github.com/lodash/lodash"
"lodash.memoize@4.1.2","MIT","https://github.com/lodash/lodash"
"lodash.uniq@4.5.0","MIT","https://github.com/lodash/lodash"
"lodash.words@3.2.0","MIT","https://github.com/lodash/lodash"
"lodash@4.17.15","MIT","https://github.com/lodash/lodash"
"lodash@4.17.20","MIT","https://github.com/lodash/lodash"
"loglevel@1.7.1","MIT","https://github.com/pimterry/loglevel"
"longest@1.0.1","MIT","https://github.com/jonschlinkert/longest"
"loose-envify@1.4.0","MIT","https://github.com/zertosh/loose-envify"
"loud-rejection@1.6.0","MIT","https://github.com/sindresorhus/loud-rejection"
"lower-case@1.1.4","MIT","https://github.com/blakeembrey/lower-case"
"lru-cache@4.1.5","ISC","https://github.com/isaacs/node-lru-cache"
"manifest-revision-webpack-plugin@0.3.0","ISC","https://github.com/nickjj/manifest-revision-webpack-plugin"
"map-cache@0.2.2","MIT","https://github.com/jonschlinkert/map-cache"
"map-obj@1.0.1","MIT","https://github.com/sindresorhus/map-obj"
"map-visit@1.0.0","MIT","https://github.com/jonschlinkert/map-visit"
"math-expression-evaluator@1.3.7","MIT","https://github.com/redhivesoftware/math-expression-evaluator"
"maxmin@2.1.0","MIT","https://github.com/sindresorhus/maxmin"
"md5.js@1.3.5","MIT","https://github.com/crypto-browserify/md5.js"
"media-typer@0.3.0","MIT","https://github.com/jshttp/media-typer"
"mem@1.1.0","MIT","https://github.com/sindresorhus/mem"
"memory-fs@0.4.1","MIT","https://github.com/webpack/memory-fs"
"meow@3.7.0","MIT","https://github.com/sindresorhus/meow"
"merge-descriptors@1.0.1","MIT","https://github.com/component/merge-descriptors"
"methods@1.1.2","MIT","https://github.com/jshttp/methods"
"micromatch@3.1.10","MIT","https://github.com/micromatch/micromatch"
"miller-rabin@4.0.1","MIT","https://github.com/indutny/miller-rabin"
"mime-db@1.45.0","MIT","https://github.com/jshttp/mime-db"
"mime-types@2.1.28","MIT","https://github.com/jshttp/mime-types"
"mime@1.3.6","MIT","https://github.com/broofa/node-mime"
"mime@1.6.0","MIT","https://github.com/broofa/node-mime"
"mime@2.5.0","MIT","https://github.com/broofa/mime"
"mimic-fn@1.2.0","MIT","https://github.com/sindresorhus/mimic-fn"
"minimalistic-assert@1.0.1","ISC","https://github.com/calvinmetcalf/minimalistic-assert"
"minimalistic-crypto-utils@1.0.1","MIT","https://github.com/indutny/minimalistic-crypto-utils"
"minimatch@3.0.4","ISC","https://github.com/isaacs/minimatch"
"minimist@1.2.5","MIT","https://github.com/substack/minimist"
"mitt@2.1.0","MIT","https://github.com/developit/mitt"
"mixin-deep@1.3.2","MIT","https://github.com/jonschlinkert/mixin-deep"
"mkdirp-classic@0.5.3","MIT","https://github.com/mafintosh/mkdirp-classic"
"mkdirp@0.5.3","MIT","https://github.com/substack/node-mkdirp"
"mkdirp@0.5.5","MIT","https://github.com/substack/node-mkdirp"
"moment@2.29.1","MIT","https://github.com/moment/moment"
"ms@2.0.0","MIT","https://github.com/zeit/ms"
"ms@2.1.1","MIT","https://github.com/zeit/ms"
"ms@2.1.2","MIT","https://github.com/zeit/ms"
"multicast-dns-service-types@1.1.0","MIT","https://github.com/mafintosh/multicast-dns-service-types"
"multicast-dns@6.2.3","MIT","https://github.com/mafintosh/multicast-dns"
"mute-stream@0.0.7","ISC","https://github.com/isaacs/mute-stream"
"nan@2.14.2","MIT","https://github.com/nodejs/nan"
"nanomatch@1.2.13","MIT","https://github.com/micromatch/nanomatch"
"natural-compare@1.4.0","MIT","https://github.com/litejs/natural-compare-lite"
"negotiator@0.6.2","MIT","https://github.com/jshttp/negotiator"
"neo-async@2.6.2","MIT","https://github.com/suguru03/neo-async"
"next-tick@1.0.0","MIT","https://github.com/medikoo/next-tick"
"ngtemplate-loader@1.3.1","MIT","https://github.com/WearyMonkey/ngtemplate-loader"
"no-case@2.3.2","MIT","https://github.com/blakeembrey/no-case"
"node-forge@0.10.0","(BSD-3-Clause OR GPL-2.0)","https://github.com/digitalbazaar/forge"
"node-gyp@3.8.0","MIT","https://github.com/nodejs/node-gyp"
"node-libs-browser@2.2.1","MIT","https://github.com/webpack/node-libs-browser"
"node-sass@4.14.1","MIT","https://github.com/sass/node-sass"
"nopt@3.0.6","ISC","https://github.com/npm/nopt"
"normalize-package-data@2.5.0","BSD-2-Clause","https://github.com/npm/normalize-package-data"
"normalize-path@2.1.1","MIT","https://github.com/jonschlinkert/normalize-path"
"normalize-path@3.0.0","MIT","https://github.com/jonschlinkert/normalize-path"
"normalize-range@0.1.2","MIT","https://github.com/jamestalmage/normalize-range"
"normalize-url@1.9.1","MIT","https://github.com/sindresorhus/normalize-url"
"npm-run-path@2.0.2","MIT","https://github.com/sindresorhus/npm-run-path"
"npmlog@4.1.2","ISC","https://github.com/npm/npmlog"
"nth-check@1.0.2","BSD-2-Clause","https://github.com/fb55/nth-check"
"num2fraction@1.2.2","MIT","https://github.com/yisibl/num2fraction"
"number-is-nan@1.0.1","MIT","https://github.com/sindresorhus/number-is-nan"
"oauth-sign@0.9.0","Apache-2.0","https://github.com/mikeal/oauth-sign"
"object-assign@4.1.1","MIT","https://github.com/sindresorhus/object-assign"
"object-copy@0.1.0","MIT","https://github.com/jonschlinkert/object-copy"
"object-hash@1.3.1","MIT","https://github.com/puleos/object-hash"
"object-inspect@1.9.0","MIT","https://github.com/inspect-js/object-inspect"
"object-is@1.1.4","MIT","https://github.com/es-shims/object-is"
"object-keys@1.1.1","MIT","https://github.com/ljharb/object-keys"
"object-visit@1.0.1","MIT","https://github.com/jonschlinkert/object-visit"
"object.assign@4.1.2","MIT","https://github.com/ljharb/object.assign"
"object.pick@1.3.0","MIT","https://github.com/jonschlinkert/object.pick"
"obuf@1.1.2","MIT","https://github.com/indutny/offset-buffer"
"on-finished@2.3.0","MIT","https://github.com/jshttp/on-finished"
"on-headers@1.0.2","MIT","https://github.com/jshttp/on-headers"
"once@1.4.0","ISC","https://github.com/isaacs/once"
"onetime@2.0.1","MIT","https://github.com/sindresorhus/onetime"
"opn@5.5.0","MIT","https://github.com/sindresorhus/opn"
"optionator@0.8.3","MIT","https://github.com/gkz/optionator"
"original@1.0.2","MIT","https://github.com/unshiftio/original"
"os-browserify@0.3.0","MIT","https://github.com/CoderPuppy/os-browserify"
"os-homedir@1.0.2","MIT","https://github.com/sindresorhus/os-homedir"
"os-locale@1.4.0","MIT","https://github.com/sindresorhus/os-locale"
"os-locale@2.1.0","MIT","https://github.com/sindresorhus/os-locale"
"os-tmpdir@1.0.2","MIT","https://github.com/sindresorhus/os-tmpdir"
"osenv@0.1.5","ISC","https://github.com/npm/osenv"
"p-each-series@2.2.0","MIT","https://github.com/sindresorhus/p-each-series"
"p-finally@1.0.0","MIT","https://github.com/sindresorhus/p-finally"
"p-limit@1.3.0","MIT","https://github.com/sindresorhus/p-limit"
"p-limit@2.3.0","MIT","https://github.com/sindresorhus/p-limit"
"p-locate@2.0.0","MIT","https://github.com/sindresorhus/p-locate"
"p-locate@3.0.0","MIT","https://github.com/sindresorhus/p-locate"
"p-map@1.2.0","MIT","https://github.com/sindresorhus/p-map"
"p-try@1.0.0","MIT","https://github.com/sindresorhus/p-try"
"p-try@2.2.0","MIT","https://github.com/sindresorhus/p-try"
"pako@1.0.11","(MIT AND Zlib)","https://github.com/nodeca/pako"
"param-case@2.1.1","MIT","https://github.com/blakeembrey/param-case"
"parse-asn1@5.1.6","ISC","https://github.com/crypto-browserify/parse-asn1"
"parse-json@2.2.0","MIT","https://github.com/sindresorhus/parse-json"
"parseurl@1.3.3","MIT","https://github.com/pillarjs/parseurl"
"pascalcase@0.1.1","MIT","https://github.com/jonschlinkert/pascalcase"
"path-browserify@0.0.1","MIT","https://github.com/substack/path-browserify"
"path-dirname@1.0.2","MIT","https://github.com/es128/path-dirname"
"path-exists@2.1.0","MIT","https://github.com/sindresorhus/path-exists"
"path-exists@3.0.0","MIT","https://github.com/sindresorhus/path-exists"
"path-is-absolute@1.0.1","MIT","https://github.com/sindresorhus/path-is-absolute"
"path-is-inside@1.0.2","(WTFPL OR MIT)","https://github.com/domenic/path-is-inside"
"path-key@2.0.1","MIT","https://github.com/sindresorhus/path-key"
"path-parse@1.0.6","MIT","https://github.com/jbgutierrez/path-parse"
"path-to-regexp@0.1.7","MIT","https://github.com/component/path-to-regexp"
"path-type@1.1.0","MIT","https://github.com/sindresorhus/path-type"
"path-type@2.0.0","MIT","https://github.com/sindresorhus/path-type"
"pbkdf2@3.1.1","MIT","https://github.com/crypto-browserify/pbkdf2"
"pend@1.2.0","MIT","https://github.com/andrewrk/node-pend"
"performance-now@2.1.0","MIT","https://github.com/braveg1rl/performance-now"
"picomatch@2.2.2","MIT","https://github.com/micromatch/picomatch"
"pify@2.3.0","MIT","https://github.com/sindresorhus/pify"
"pify@3.0.0","MIT","https://github.com/sindresorhus/pify"
"pinkie-promise@2.0.1","MIT","https://github.com/floatdrop/pinkie-promise"
"pinkie@2.0.4","MIT","https://github.com/floatdrop/pinkie"
"pkg-dir@1.0.0","MIT","https://github.com/sindresorhus/pkg-dir"
"pkg-dir@2.0.0","MIT","https://github.com/sindresorhus/pkg-dir"
"pluralize@7.0.0","MIT","https://github.com/blakeembrey/pluralize"
"portfinder@1.0.28","MIT","https://github.com/http-party/node-portfinder"
"posix-character-classes@0.1.1","MIT","https://github.com/jonschlinkert/posix-character-classes"
"postcss-calc@5.3.1","MIT","https://github.com/postcss/postcss-calc"
"postcss-colormin@2.2.2","MIT","https://github.com/ben-eb/postcss-colormin"
"postcss-convert-values@2.6.1","MIT","https://github.com/ben-eb/postcss-convert-values"
"postcss-discard-comments@2.0.4","MIT","https://github.com/ben-eb/postcss-discard-comments"
"postcss-discard-duplicates@2.1.0","MIT","https://github.com/ben-eb/postcss-discard-duplicates"
"postcss-discard-empty@2.1.0","MIT","https://github.com/ben-eb/postcss-discard-empty"
"postcss-discard-overridden@0.1.1","MIT","https://github.com/Justineo/postcss-discard-overridden"
"postcss-discard-unused@2.2.3","MIT","https://github.com/ben-eb/postcss-discard-unused"
"postcss-filter-plugins@2.0.3","MIT","https://github.com/postcss/postcss-filter-plugins"
"postcss-loader@0.13.0","MIT","https://github.com/postcss/postcss-loader"
"postcss-merge-idents@2.1.7","MIT","https://github.com/ben-eb/postcss-merge-idents"
"postcss-merge-longhand@2.0.2","MIT","https://github.com/ben-eb/postcss-merge-longhand"
"postcss-merge-rules@2.1.2","MIT","https://github.com/ben-eb/postcss-merge-rules"
"postcss-message-helpers@2.0.0","MIT","https://github.com/MoOx/postcss-message-helpers"
"postcss-minify-font-values@1.0.5","MIT","https://github.com/TrySound/postcss-minify-font-values"
"postcss-minify-gradients@1.0.5","MIT","https://github.com/ben-eb/postcss-minify-gradients"
"postcss-minify-params@1.2.2","MIT","https://github.com/ben-eb/postcss-minify-params"
"postcss-minify-selectors@2.1.1","MIT","https://github.com/ben-eb/postcss-minify-selectors"
"postcss-modules-extract-imports@1.2.1","ISC","https://github.com/css-modules/postcss-modules-extract-imports"
"postcss-modules-local-by-default@1.2.0","MIT","https://github.com/css-modules/postcss-modules-local-by-default"
"postcss-modules-scope@1.1.0","ISC","https://github.com/css-modules/postcss-modules-scope"
"postcss-modules-values@1.3.0","ISC","https://github.com/css-modules/postcss-modules-values"
"postcss-normalize-charset@1.1.1","MIT","https://github.com/ben-eb/postcss-charset"
"postcss-normalize-url@3.0.8","MIT","https://github.com/ben-eb/postcss-normalize-url"
"postcss-ordered-values@2.2.3","MIT","https://github.com/ben-eb/postcss-ordered-values"
"postcss-reduce-idents@2.4.0","MIT","https://github.com/ben-eb/postcss-reduce-idents"
"postcss-reduce-initial@1.0.1","MIT","https://github.com/ben-eb/postcss-reduce-initial"
"postcss-reduce-transforms@1.0.4","MIT","https://github.com/ben-eb/postcss-reduce-transforms"
"postcss-selector-parser@2.2.3","MIT","https://github.com/postcss/postcss-selector-parser"
"postcss-svgo@2.1.6","MIT","https://github.com/ben-eb/postcss-svgo"
"postcss-unique-selectors@2.0.2","MIT","https://github.com/ben-eb/postcss-unique-selectors"
"postcss-value-parser@3.3.1","MIT","https://github.com/TrySound/postcss-value-parser"
"postcss-zindex@2.2.0","MIT","https://github.com/ben-eb/postcss-zindex"
"postcss@5.2.18","MIT","https://github.com/postcss/postcss"
"postcss@6.0.23","MIT","https://github.com/postcss/postcss"
"prelude-ls@1.1.2","MIT","https://github.com/gkz/prelude-ls"
"prepend-http@1.0.4","MIT","https://github.com/sindresorhus/prepend-http"
"pretty-bytes@3.0.1","MIT","https://github.com/sindresorhus/pretty-bytes"
"pretty-error@2.1.2","MIT","https://github.com/AriaMinaei/pretty-error"
"private@0.1.8","MIT","https://github.com/benjamn/private"
"process-nextick-args@2.0.1","MIT","https://github.com/calvinmetcalf/process-nextick-args"
"process@0.11.10","MIT","https://github.com/shtylman/node-process"
"progress@2.0.3","MIT","https://github.com/visionmedia/node-progress"
"proxy-addr@2.0.6","MIT","https://github.com/jshttp/proxy-addr"
"proxy-from-env@1.1.0","MIT","https://github.com/Rob--W/proxy-from-env"
"prr@1.0.1","MIT","https://github.com/rvagg/prr"
"pseudomap@1.0.2","ISC","https://github.com/isaacs/pseudomap"
"psl@1.8.0","MIT","https://github.com/lupomontero/psl"
"public-encrypt@4.0.3","MIT","https://github.com/crypto-browserify/publicEncrypt"
"pump@3.0.0","MIT","https://github.com/mafintosh/pump"
"punycode@1.3.2","MIT","https://github.com/bestiejs/punycode.js"
"punycode@2.1.1","MIT","https://github.com/bestiejs/punycode.js"
"puppeteer@4.0.1","Apache-2.0","https://github.com/puppeteer/puppeteer"
"q@1.5.1","MIT","https://github.com/kriskowal/q"
"qs@6.5.2","BSD-3-Clause","https://github.com/ljharb/qs"
"qs@6.7.0","BSD-3-Clause","https://github.com/ljharb/qs"
"query-string@4.3.4","MIT","https://github.com/sindresorhus/query-string"
"querystring-es3@0.2.1","MIT","https://github.com/mike-spainhower/querystring"
"querystring@0.2.0","MIT","https://github.com/Gozala/querystring"
"querystringify@2.2.0","MIT","https://github.com/unshiftio/querystringify"
"randombytes@2.1.0","MIT","https://github.com/crypto-browserify/randombytes"
"randomfill@1.0.4","MIT","https://github.com/crypto-browserify/randomfill"
"range-parser@1.2.1","MIT","https://github.com/jshttp/range-parser"
"raw-body@2.4.0","MIT","https://github.com/stream-utils/raw-body"
"read-pkg-up@1.0.1","MIT","https://github.com/sindresorhus/read-pkg-up"
"read-pkg-up@2.0.0","MIT","https://github.com/sindresorhus/read-pkg-up"
"read-pkg@1.1.0","MIT","https://github.com/sindresorhus/read-pkg"
"read-pkg@2.0.0","MIT","https://github.com/sindresorhus/read-pkg"
"readable-stream@1.1.14","MIT","https://github.com/isaacs/readable-stream"
"readable-stream@2.3.7","MIT","https://github.com/nodejs/readable-stream"
"readable-stream@3.6.0","MIT","https://github.com/nodejs/readable-stream"
"readdirp@2.2.1","MIT","https://github.com/paulmillr/readdirp"
"readdirp@3.5.0","MIT","https://github.com/paulmillr/readdirp"
"recast@0.11.23","MIT","https://github.com/benjamn/recast"
"redent@1.0.0","MIT","https://github.com/sindresorhus/redent"
"reduce-css-calc@1.3.0","MIT","https://github.com/MoOx/reduce-css-calc"
"reduce-function-call@1.0.3","MIT","https://github.com/MoOx/reduce-function-call"
"regenerate@1.4.2","MIT","https://github.com/mathiasbynens/regenerate"
"regenerator-runtime@0.11.1","MIT","https://github.com/facebook/regenerator/tree/master/packages/regenerator-runtime"
"regenerator-transform@0.10.1","BSD*","https://github.com/facebook/regenerator/tree/master/packages/regenerator-transform"
"regex-not@1.0.2","MIT","https://github.com/jonschlinkert/regex-not"
"regexp.prototype.flags@1.3.1","MIT","https://github.com/es-shims/RegExp.prototype.flags"
"regexpp@1.1.0","MIT","https://github.com/mysticatea/regexpp"
"regexpu-core@1.0.0","MIT","https://github.com/mathiasbynens/regexpu-core"
"regexpu-core@2.0.0","MIT","https://github.com/mathiasbynens/regexpu-core"
"regjsgen@0.2.0","MIT","https://github.com/d10/regjsgen"
"regjsparser@0.1.5","BSD*","https://github.com/jviereck/regjsparser"
"relateurl@0.2.7","MIT","https://github.com/stevenvachon/relateurl"
"remove-trailing-separator@1.1.0","ISC","https://github.com/darsain/remove-trailing-separator"
"renderkid@2.0.5","MIT","https://github.com/AriaMinaei/RenderKid"
"repeat-element@1.1.3","MIT","https://github.com/jonschlinkert/repeat-element"
"repeat-string@1.6.1","MIT","https://github.com/jonschlinkert/repeat-string"
"repeating@2.0.1","MIT","https://github.com/sindresorhus/repeating"
"request@2.88.2","Apache-2.0","https://github.com/request/request"
"require-directory@2.1.1","MIT","https://github.com/troygoode/node-require-directory"
"require-main-filename@1.0.1","ISC","https://github.com/yargs/require-main-filename"
"require-main-filename@2.0.0","ISC","https://github.com/yargs/require-main-filename"
"require-uncached@1.0.3","MIT","https://github.com/sindresorhus/require-uncached"
"requires-port@1.0.0","MIT","https://github.com/unshiftio/requires-port"
"resolve-cwd@2.0.0","MIT","https://github.com/sindresorhus/resolve-cwd"
"resolve-from@1.0.1","MIT","https://github.com/sindresorhus/resolve-from"
"resolve-from@3.0.0","MIT","https://github.com/sindresorhus/resolve-from"
"resolve-url@0.2.1","MIT","https://github.com/lydell/resolve-url"
"resolve@1.19.0","MIT","https://github.com/browserify/resolve"
"restore-cursor@2.0.0","MIT","https://github.com/sindresorhus/restore-cursor"
"ret@0.1.15","MIT","https://github.com/fent/ret.js"
"right-align@0.1.3","MIT","https://github.com/jonschlinkert/right-align"
"rimraf@2.6.3","ISC","https://github.com/isaacs/rimraf"
"rimraf@2.7.1","ISC","https://github.com/isaacs/rimraf"
"rimraf@3.0.2","ISC","https://github.com/isaacs/rimraf"
"ripemd160@2.0.2","MIT","https://github.com/crypto-browserify/ripemd160"
"run-async@2.4.1","MIT","https://github.com/SBoudrias/run-async"
"rx-lite-aggregates@4.0.8","Apache License, Version 2.0","https://github.com/Reactive-Extensions/RxJS"
"rx-lite@4.0.8","Apache License, Version 2.0","https://github.com/Reactive-Extensions/RxJS"
"safe-buffer@5.1.2","MIT","https://github.com/feross/safe-buffer"
"safe-buffer@5.2.1","MIT","https://github.com/feross/safe-buffer"
"safe-regex@1.1.0","MIT","https://github.com/substack/safe-regex"
"safer-buffer@2.1.2","MIT","https://github.com/ChALkeR/safer-buffer"
"sass-graph@2.2.5","MIT","https://github.com/xzyfer/sass-graph"
"sass-loader@4.1.1","MIT","https://github.com/jtangelder/sass-loader"
"sax@1.2.4","ISC","https://github.com/isaacs/sax-js"
"scss-tokenizer@0.2.3","MIT","https://github.com/sasstools/scss-tokenizer"
"select-hose@2.0.0","MIT","https://github.com/indutny/select-hose"
"selfsigned@1.10.8","MIT","https://github.com/jfromaniello/selfsigned"
"semver@5.3.0","ISC","https://github.com/npm/node-semver"
"semver@5.7.1","ISC","https://github.com/npm/node-semver"
"send@0.17.1","MIT","https://github.com/pillarjs/send"
"serve-index@1.9.1","MIT","https://github.com/expressjs/serve-index"
"serve-static@1.14.1","MIT","https://github.com/expressjs/serve-static"
"set-blocking@2.0.0","ISC","https://github.com/yargs/set-blocking"
"set-value@2.0.1","MIT","https://github.com/jonschlinkert/set-value"
"setimmediate@1.0.5","MIT","https://github.com/YuzuJS/setImmediate"
"setprototypeof@1.1.0","ISC","https://github.com/wesleytodd/setprototypeof"
"setprototypeof@1.1.1","ISC","https://github.com/wesleytodd/setprototypeof"
"sha.js@2.4.11","(MIT AND BSD-3-Clause)","https://github.com/crypto-browserify/sha.js"
"shebang-command@1.2.0","MIT","https://github.com/kevva/shebang-command"
"shebang-regex@1.0.0","MIT","https://github.com/sindresorhus/shebang-regex"
"shelljs@0.3.0","BSD*","https://github.com/arturadib/shelljs"
"signal-exit@3.0.3","ISC","https://github.com/tapjs/signal-exit"
"simple-is@0.2.0","MIT","https://github.com/olov/simple-is"
"slash@1.0.0","MIT","https://github.com/sindresorhus/slash"
"slice-ansi@1.0.0","MIT","https://github.com/chalk/slice-ansi"
"snapdragon-node@2.1.1","MIT","https://github.com/jonschlinkert/snapdragon-node"
"snapdragon-util@3.0.1","MIT","https://github.com/jonschlinkert/snapdragon-util"
"snapdragon@0.8.2","MIT","https://github.com/jonschlinkert/snapdragon"
"sockjs-client@1.1.5","MIT","https://github.com/sockjs/sockjs-client"
"sockjs@0.3.19","MIT","https://github.com/sockjs/sockjs-node"
"sort-keys@1.1.2","MIT","https://github.com/sindresorhus/sort-keys"
"source-list-map@0.1.8","MIT","https://github.com/webpack/source-list-map"
"source-list-map@2.0.1","MIT","https://github.com/webpack/source-list-map"
"source-map-resolve@0.5.3","MIT","https://github.com/lydell/source-map-resolve"
"source-map-support@0.4.18","MIT","https://github.com/evanw/node-source-map-support"
"source-map-url@0.4.1","MIT","https://github.com/lydell/source-map-url"
"source-map@0.4.4","BSD-3-Clause","https://github.com/mozilla/source-map"
"source-map@0.5.7","BSD-3-Clause","https://github.com/mozilla/source-map"
"source-map@0.6.1","BSD-3-Clause","https://github.com/mozilla/source-map"
"spdx-correct@3.1.1","Apache-2.0","https://github.com/jslicense/spdx-correct.js"
"spdx-exceptions@2.3.0","CC-BY-3.0","https://github.com/kemitchell/spdx-exceptions.json"
"spdx-expression-parse@3.0.1","MIT","https://github.com/jslicense/spdx-expression-parse.js"
"spdx-license-ids@3.0.7","CC0-1.0","https://github.com/jslicense/spdx-license-ids"
"spdy-transport@3.0.0","MIT","https://github.com/spdy-http2/spdy-transport"
"spdy@4.0.2","MIT","https://github.com/indutny/node-spdy"
"split-string@3.1.0","MIT","https://github.com/jonschlinkert/split-string"
"sprintf-js@1.0.3","BSD-3-Clause","https://github.com/alexei/sprintf.js"
"sshpk@1.16.1","MIT","https://github.com/joyent/node-sshpk"
"static-extend@0.1.2","MIT","https://github.com/jonschlinkert/static-extend"
"statuses@1.5.0","MIT","https://github.com/jshttp/statuses"
"stdout-stream@1.4.1","MIT","https://github.com/mafintosh/stdout-stream"
"stream-browserify@2.0.2","MIT","https://github.com/browserify/stream-browserify"
"stream-http@2.8.3","MIT","https://github.com/jhiesey/stream-http"
"strict-uri-encode@1.1.0","MIT","https://github.com/kevva/strict-uri-encode"
"string-mask@0.3.0","MIT","https://github.com/the-darc/string-mask"
"string-width@1.0.2","MIT","https://github.com/sindresorhus/string-width"
"string-width@2.1.1","MIT","https://github.com/sindresorhus/string-width"
"string-width@3.1.0","MIT","https://github.com/sindresorhus/string-width"
"string.prototype.trimend@1.0.3","MIT","https://github.com/es-shims/String.prototype.trimEnd"
"string.prototype.trimstart@1.0.3","MIT","https://github.com/es-shims/String.prototype.trimStart"
"string_decoder@0.10.31","MIT","https://github.com/rvagg/string_decoder"
"string_decoder@1.1.1","MIT","https://github.com/nodejs/string_decoder"
"string_decoder@1.3.0","MIT","https://github.com/nodejs/string_decoder"
"strip-ansi@3.0.1","MIT","https://github.com/chalk/strip-ansi"
"strip-ansi@4.0.0","MIT","https://github.com/chalk/strip-ansi"
"strip-ansi@5.2.0","MIT","https://github.com/chalk/strip-ansi"
"strip-bom@2.0.0","MIT","https://github.com/sindresorhus/strip-bom"
"strip-bom@3.0.0","MIT","https://github.com/sindresorhus/strip-bom"
"strip-eof@1.0.0","MIT","https://github.com/sindresorhus/strip-eof"
"strip-indent@1.0.1","MIT","https://github.com/sindresorhus/strip-indent"
"strip-json-comments@1.0.4","MIT","https://github.com/sindresorhus/strip-json-comments"
"strip-json-comments@2.0.1","MIT","https://github.com/sindresorhus/strip-json-comments"
"style-loader@0.13.2","MIT","https://github.com/webpack/style-loader"
"supports-color@2.0.0","MIT","https://github.com/chalk/supports-color"
"supports-color@3.2.3","MIT","https://github.com/chalk/supports-color"
"supports-color@4.5.0","MIT","https://github.com/chalk/supports-color"
"supports-color@5.5.0","MIT","https://github.com/chalk/supports-color"
"supports-color@7.2.0","MIT","https://github.com/chalk/supports-color"
"svgo@0.7.2","MIT","https://github.com/svg/svgo"
"table@4.0.2","BSD-3-Clause","https://github.com/gajus/table"
"tapable@0.2.9","MIT","https://github.com/webpack/tapable"
"tar-fs@2.1.1","MIT","https://github.com/mafintosh/tar-fs"
"tar-stream@2.2.0","MIT","https://github.com/mafintosh/tar-stream"
"tar@2.2.2","ISC","https://github.com/isaacs/node-tar"
"text-table@0.2.0","MIT","https://github.com/substack/text-table"
"through@2.3.8","MIT","https://github.com/dominictarr/through"
"thunky@1.1.0","MIT","https://github.com/mafintosh/thunky"
"time-stamp@2.2.0","MIT","https://github.com/jonschlinkert/time-stamp"
"timers-browserify@2.0.12","MIT","https://github.com/jryans/timers-browserify"
"tmp@0.0.33","MIT","https://github.com/raszi/node-tmp"
"to-arraybuffer@1.0.1","MIT","https://github.com/jhiesey/to-arraybuffer"
"to-fast-properties@1.0.3","MIT","https://github.com/sindresorhus/to-fast-properties"
"to-fast-properties@2.0.0","MIT","https://github.com/sindresorhus/to-fast-properties"
"to-object-path@0.3.0","MIT","https://github.com/jonschlinkert/to-object-path"
"to-regex-range@2.1.1","MIT","https://github.com/micromatch/to-regex-range"
"to-regex-range@5.0.1","MIT","https://github.com/micromatch/to-regex-range"
"to-regex@3.0.2","MIT","https://github.com/jonschlinkert/to-regex"
"toidentifier@1.0.0","MIT","https://github.com/component/toidentifier"
"toposort@1.0.7","MIT","https://github.com/marcelklehr/toposort"
"tough-cookie@2.5.0","BSD-3-Clause","https://github.com/salesforce/tough-cookie"
"trim-newlines@1.0.0","MIT","https://github.com/sindresorhus/trim-newlines"
"trim-right@1.0.1","MIT","https://github.com/sindresorhus/trim-right"
"true-case-path@1.0.3","Apache-2.0","https://github.com/barsh/true-case-path"
"tty-browserify@0.0.0","MIT","https://github.com/substack/tty-browserify"
"tunnel-agent@0.6.0","Apache-2.0","https://github.com/mikeal/tunnel-agent"
"tweetnacl@0.14.5","Unlicense","https://github.com/dchest/tweetnacl-js"
"type-check@0.3.2","MIT","https://github.com/gkz/type-check"
"type-is@1.6.18","MIT","https://github.com/jshttp/type-is"
"type@1.2.0","ISC","https://github.com/medikoo/type"
"type@2.1.0","ISC","https://github.com/medikoo/type"
"typedarray@0.0.6","MIT","https://github.com/substack/typedarray"
"uglify-js@2.8.29","BSD-2-Clause","https://github.com/mishoo/UglifyJS2"
"uglify-js@3.12.7","BSD-2-Clause","https://github.com/mishoo/UglifyJS"
"uglify-js@3.4.10","BSD-2-Clause","https://github.com/mishoo/UglifyJS2"
"uglify-to-browserify@1.0.2","MIT","https://github.com/ForbesLindesay/uglify-to-browserify"
"uglifyjs-webpack-plugin@0.4.6","MIT","https://github.com/webpack-contrib/uglifyjs-webpack-plugin"
"unbzip2-stream@1.4.3","MIT","https://github.com/regular/unbzip2-stream"
"union-value@1.0.1","MIT","https://github.com/jonschlinkert/union-value"
"uniq@1.0.1","MIT","https://github.com/mikolalysenko/uniq"
"uniqs@2.0.0","MIT","https://github.com/fgnass/uniqs"
"unpipe@1.0.0","MIT","https://github.com/stream-utils/unpipe"
"unset-value@1.0.0","MIT","https://github.com/jonschlinkert/unset-value"
"upath@1.2.0","MIT","https://github.com/anodynos/upath"
"upper-case@1.1.3","MIT","https://github.com/blakeembrey/upper-case"
"uri-js@4.4.1","BSD-2-Clause","https://github.com/garycourt/uri-js"
"uri-path@1.0.0","WTFPL OR MIT","https://github.com/UltCombo/uri-path"
"urix@0.1.0","MIT","https://github.com/lydell/urix"
"url-loader@0.5.9","MIT","https://github.com/webpack/url-loader"
"url-parse@1.4.7","MIT","https://github.com/unshiftio/url-parse"
"url@0.11.0","MIT","https://github.com/defunctzombie/node-url"
"use@3.1.1","MIT","https://github.com/jonschlinkert/use"
"util-deprecate@1.0.2","MIT","https://github.com/TooTallNate/util-deprecate"
"util@0.10.3","MIT","https://github.com/defunctzombie/node-util"
"util@0.11.1","MIT","https://github.com/defunctzombie/node-util"
"utila@0.4.0","MIT","https://github.com/AriaMinaei/utila"
"utils-merge@1.0.1","MIT","https://github.com/jaredhanson/utils-merge"
"uuid@3.4.0","MIT","https://github.com/uuidjs/uuid"
"validate-npm-package-license@3.0.4","Apache-2.0","https://github.com/kemitchell/validate-npm-package-license.js"
"vary@1.1.2","MIT","https://github.com/jshttp/vary"
"vendors@1.0.4","MIT","https://github.com/wooorm/vendors"
"verror@1.10.0","MIT","https://github.com/davepacheco/node-verror"
"vm-browserify@1.1.2","MIT","https://github.com/substack/vm-browserify"
"walk@2.3.14","(MIT OR Apache-2.0)","https://git.coolaj86.com/coolaj86/fs-walk.js"
"watchpack-chokidar2@2.0.1","MIT","https://github.com/webpack/watchpack"
"watchpack@1.7.5","MIT","https://github.com/webpack/watchpack"
"wbuf@1.7.3","MIT","https://github.com/indutny/wbuf"
"webpack-dev-middleware@1.12.2","MIT","https://github.com/webpack/webpack-dev-middleware"
"webpack-dev-server@2.11.5","MIT","https://github.com/webpack/webpack-dev-server"
"webpack-sources@0.1.5","MIT","https://github.com/webpack/webpack-sources"
"webpack-sources@1.4.3","MIT","https://github.com/webpack/webpack-sources"
"webpack@3.12.0","MIT","https://github.com/webpack/webpack"
"websocket-driver@0.7.4","Apache-2.0","https://github.com/faye/websocket-driver-node"
"websocket-extensions@0.1.4","Apache-2.0","https://github.com/faye/websocket-extensions-node"
"whet.extend@0.9.9","MIT","https://github.com/Meettya/whet.extend"
"which-module@1.0.0","ISC","https://github.com/nexdrew/which-module"
"which-module@2.0.0","ISC","https://github.com/nexdrew/which-module"
"which@1.3.1","ISC","https://github.com/isaacs/node-which"
"wide-align@1.1.3","ISC","https://github.com/iarna/wide-align"
"window-size@0.1.0","MIT","https://github.com/jonschlinkert/window-size"
"word-wrap@1.2.3","MIT","https://github.com/jonschlinkert/word-wrap"
"wordwrap@0.0.2","MIT*","https://github.com/substack/node-wordwrap"
"wrap-ansi@2.1.0","MIT","https://github.com/chalk/wrap-ansi"
"wrap-ansi@5.1.0","MIT","https://github.com/chalk/wrap-ansi"
"wrappy@1.0.2","ISC","https://github.com/npm/wrappy"
"write@0.2.1","MIT","https://github.com/jonschlinkert/write"
"ws@7.4.3","MIT","https://github.com/websockets/ws"
"xtend@4.0.2","MIT","https://github.com/Raynos/xtend"
"y18n@3.2.2","ISC","https://github.com/yargs/y18n"
"y18n@4.0.1","ISC","https://github.com/yargs/y18n"
"yallist@2.1.2","ISC","https://github.com/isaacs/yallist"
"yargs-parser@13.1.2","ISC","https://github.com/yargs/yargs-parser"
"yargs-parser@4.2.1","ISC","https://github.com/yargs/yargs-parser"
"yargs-parser@7.0.0","ISC","https://github.com/yargs/yargs-parser"
"yargs@13.3.2","MIT","https://github.com/yargs/yargs"
"yargs@3.10.0","MIT","https://github.com/bcoe/yargs"
"yargs@6.6.0","MIT","https://github.com/yargs/yargs"
"yargs@8.0.2","MIT","https://github.com/yargs/yargs"
"yauzl@2.10.0","MIT","https://github.com/thejoshwolfe/yauzl"